716328	54.956
716331	46.4814
716337	53.2158
716339	37.7804
716554	49.9756
716571	61.8362
716939	42.7141
716941	49.7921
716942	50.1356
716943	47.4776
716949	51.3563
716951	53.0073
716953	51.498
716955	32.7384
716956	55.2717
716958	50.1222
716960	51.569
716968	50.3572
717099	58.8094
717445	50.952
717446	46.0798
717447	49.5243
717450	45.4013
717452	54.6551
717453	42.3616
717456	58.404
717458	40.8552
717459	57.6097
717460	57.6181
717461	43.1102
717462	47.5797
717463	58.805
717465	55.7709
717466	49.2351
717468	47.9508
717469	52.1749
717472	50.1646
717473	57.0851
717480	57.6417
717481	55.9017
717483	54.684
717486	51.8104
717488	56.618
717489	52.1549
717490	52.1401
717491	53.6242
717492	53.1366
717493	48.026
717495	53.078
717497	54.8159
717498	44.0374
717499	47.1292
717502	50.5529
717504	51.3716
717508	49.2505
717510	49.3028
717513	51.5136
717570	61.3482
717571	57.7498
717572	57.5823
717573	57.1079
717576	55.394
717578	59.7107
717580	59.1141
717582	61.9333
717583	58.5257
717585	58.9221
717587	59.7435
717590	59.3299
717592	56.9151
717595	62.4847
717608	58.8897
717610	56.6325
717804	47.414
717816	52.8718
717818	58.0017
717819	59.076
717821	58.0808
717823	57.177
717825	59.7294
718045	44.0776
718064	60.0457
718066	60.7201
718072	57.5699
718076	53.7594
718089	52.7966
718090	47.0953
718141	58.9202
718204	54.2236
718371	51.9021
718379	50.7866
718496	49.6187
718499	53.6091
737529	56.068
759591	54.0561
759602	55.3751
759772	49.8471
760024	50.8924
760650	45.5521
760987	54.6182
761003	59.4176
761599	52.3178
761604	46.1816
762329	61.3824
763995	54.0611
764101	58.4766
764106	52.311
764120	62.5126
764424	59.8127
764760	57.3566
764766	58.7808
764781	53.426
764794	51.1311
764853	38.1141
764858	56.2035
764949	51.8827
765099	50.9462
765164	58.4393
765171	50.9654
765176	58.813
765182	58.0612
765265	51.5797
765273	52.1593
765604	56.1032
767053	47.8926
767350	55.8252
767351	59.3732
767366	56.2629
767454	59.1364
767455	60.6737
767470	54.6117
767471	55.613
767494	59.8069
767495	61.1586
767509	58.5597
767523	62.9853
767541	60.4528
767542	60.7261
767554	57.9122
767572	57.5198
767573	61.7998
767585	60.2246
767609	54.836
767610	58.2853
767620	57.2551
767621	59.231
767750	59.2125
767751	58.2977
768066	57.372
768469	56.8313
769345	51.9409
769346	53.2208
769358	50.2596
769359	50.0778
769372	58.1567
769373	51.1975
769388	58.1602
769402	54.5882
769403	60.0808
769405	40.436
769418	48.4314
769430	48.0633
769431	45.8628
769443	51.2929
769444	48.4109
769467	53.6233
769806	59.7958
769819	56.3917
769831	55.2059
769847	54.9661
769867	53.9156
769926	57.1155
769941	56.9942
769953	52.2294
771667	28.3101
771673	30.006
772140	52.1652
772151	51.1206
772167	37.8033
772168	54.6974
772178	51.3222
772513	55.3132
772596	56.0928
772597	55.9314
772669	56.942
773012	41.1685
773013	54.1016
773023	36.0391
773024	56.1912
773062	54.4717
773869	54.6314
773880	62.0987
773904	54.3157
773906	59.1565
773916	57.3289
773927	54.5155
773939	49.9539
773953	54.5894
773954	56.4001
773974	52.5913
773975	60.0273
773995	58.149
773996	56.7544
774011	61.2701
774012	61.3208
774067	54.643
774204	51.2175
